"","Cluster","ID","Description","GeneRatio","BgRatio","pvalue","p.adjust","qvalue","geneID","Count","Cluster_str","Inference","Chain","Model","Cluster_plt","Ontology"
"1","K4
(16)","GO:0004518","nuclease activity",0.25,"20/546",0.0018058953806942,0.0440027037445156,0.037633891360441,"851456/851873/853500/852395",4,"K4 (16)","Consensus clustering",NA,"Consensus Clustering",4,"MF"
"2","K4
(16)","GO:0016788","hydrolase activity, acting on ester bonds",0.3125,"37/546",0.00275016898403222,0.0440027037445156,0.037633891360441,"854151/851456/851873/853500/852395",5,"K4 (16)","Consensus clustering",NA,"Consensus Clustering",4,"MF"
"3","K18
(17)","GO:0140097","catalytic activity, acting on DNA",0.411764705882353,"30/546",9.78210568834014e-06,0.000616272658365429,0.000494253761095081,"853821/852245/856305/851391/850793/855621/853747",7,"K18 (17)","Consensus clustering",NA,"Consensus Clustering",18,"MF"
"4","K18
(17)","GO:0016779","nucleotidyltransferase activity",0.235294117647059,"10/546",0.000121462759742027,0.00382607693187384,0.0030685328776933,"853821/852245/856305/855621",4,"K18 (17)","Consensus clustering",NA,"Consensus Clustering",18,"MF"
"5","K18
(17)","GO:0003697","single-stranded DNA binding",0.235294117647059,"14/546",0.000535577355778512,0.00722106699048179,0.00579133192219091,"853821/856305/851266/850793",4,"K18 (17)","Consensus clustering",NA,"Consensus Clustering",18,"MF"
"6","K18
(17)","GO:0016772","transferase activity, transferring phosphorus-containing groups",0.352941176470588,"38/546",0.00053720824332971,0.00722106699048179,0.00579133192219091,"853821/852245/856305/855621/855950/852119",6,"K18 (17)","Consensus clustering",NA,"Consensus Clustering",18,"MF"
"7","K18
(17)","GO:0003677","DNA binding",0.529411764705882,"92/546",0.000573100554800142,0.00722106699048179,0.00579133192219091,"853821/852245/856305/851391/851671/851266/850793/855621/855950",9,"K18 (17)","Consensus clustering",NA,"Consensus Clustering",18,"MF"
"8","K18
(17)","GO:0003676","nucleic acid binding",0.529411764705882,"119/546",0.00416293747097505,0.043710843445238,0.035056315545053,"853821/852245/856305/851391/851671/851266/850793/855621/855950",9,"K18 (17)","Consensus clustering",NA,"Consensus Clustering",18,"MF"
"9","K20
(23)","GO:0000030","mannosyltransferase activity",0.217391304347826,"10/546",1.85530549730919e-05,0.000909099693681504,0.000898358451328661,"852845/856050/854499/852458/851464",5,"K20 (23)","Consensus clustering",NA,"Consensus Clustering",20,"MF"
"10","K20
(23)","GO:0016758","transferase activity, transferring hexosyl groups",0.217391304347826,"16/546",0.000271403686967537,0.00664939033070465,0.00657082610552984,"852845/856050/854499/852458/851464",5,"K20 (23)","Consensus clustering",NA,"Consensus Clustering",20,"MF"
"11","K20
(23)","GO:0016757","transferase activity, transferring glycosyl groups",0.217391304347826,"18/546",0.000503016571935332,0.00821593734161042,0.00811886396807904,"852845/856050/854499/852458/851464",5,"K20 (23)","Consensus clustering",NA,"Consensus Clustering",20,"MF"
"12","K26
(3)","GO:0004553","hydrolase activity, hydrolyzing O-glycosyl compounds",0.666666666666667,"11/546",0.00109675133285495,0.00813545601726929,0.00666060726560059,"853102/855352",2,"K26 (3)","Consensus clustering",NA,"Consensus Clustering",26,"MF"
"13","K26
(3)","GO:0016798","hydrolase activity, acting on glycosyl bonds",0.666666666666667,"14/546",0.00180787911494873,0.00813545601726929,0.00666060726560059,"853102/855352",2,"K26 (3)","Consensus clustering",NA,"Consensus Clustering",26,"MF"
"14","K31
(14)","GO:0005200","structural constituent of cytoskeleton",0.285714285714286,"18/546",0.000678317184330746,0.037307445138191,0.0328448320833835,"852787/851957/854555/856577",4,"K31 (14)","Consensus clustering",NA,"Consensus Clustering",31,"MF"
"15","K31
(14)","GO:0005515","protein binding",0.571428571428571,"103/546",0.00138076511152878,0.0379710405670414,0.0334290500685915,"852099/853100/852787/850639/856458/856577/855555/852249",8,"K31 (14)","Consensus clustering",NA,"Consensus Clustering",31,"MF"
"16","K32
(8)","GO:0046982","protein heterodimerization activity",0.75,"12/546",7.09022833994087e-10,6.38120550594678e-09,7.46339825256933e-10,"852284/851811/852295/851810/852283/852294",6,"K32 (8)","Consensus clustering",NA,"Consensus Clustering",32,"MF"
"17","K32
(8)","GO:0046983","protein dimerization activity",0.75,"16/546",6.06629406899036e-09,2.72983233104566e-08,3.19278635210019e-09,"852284/851811/852295/851810/852283/852294",6,"K32 (8)","Consensus clustering",NA,"Consensus Clustering",32,"MF"
"18","K32
(8)","GO:0003677","DNA binding",1,"92/546",5.00281089020266e-07,1.5008432670608e-06,1.75537224217637e-07,"855701/852284/851811/852295/851810/855700/852283/852294",8,"K32 (8)","Consensus clustering",NA,"Consensus Clustering",32,"MF"
"19","K32
(8)","GO:0003676","nucleic acid binding",1,"119/546",4.21507228283487e-06,9.48391263637847e-06,1.10922954811444e-06,"855701/852284/851811/852295/851810/855700/852283/852294",8,"K32 (8)","Consensus clustering",NA,"Consensus Clustering",32,"MF"
"20","K32
(8)","GO:1901363","heterocyclic compound binding",1,"175/546",9.96864003893558e-05,0.000171786171932462,2.00919499336213e-05,"855701/852284/851811/852295/851810/855700/852283/852294",8,"K32 (8)","Consensus clustering",NA,"Consensus Clustering",32,"MF"
"21","K32
(8)","GO:0005515","protein binding",0.75,"103/546",0.000800833399407063,0.0010296429420948,0.000120426075098806,"852284/851811/852295/851810/852283/852294",6,"K32 (8)","Consensus clustering",NA,"Consensus Clustering",32,"MF"
"22","K38
(9)","GO:0008289","lipid binding",0.444444444444444,"14/546",3.19652975288265e-05,0.00073520184316301,0.00073520184316301,"851926/854903/852382/855221",4,"K38 (9)","Consensus clustering",NA,"Consensus Clustering",38,"MF"
"23","K47
(19)","GO:0003723","RNA binding",0.421052631578947,"30/546",1.57830492786783e-06,6.94454168261845e-05,6.6454944331277e-05,"854221/853996/853784/853956/856553/850982/854021/856228",8,"K47 (19)","Consensus clustering",NA,"Consensus Clustering",47,"MF"
"24","K47
(19)","GO:0140098","catalytic activity, acting on RNA",0.263157894736842,"14/546",4.81532821427631e-05,0.00105937220714079,0.0010137533082687,"854221/853996/853784/855571/851656",5,"K47 (19)","Consensus clustering",NA,"Consensus Clustering",47,"MF"
"25","K47
(19)","GO:0003676","nucleic acid binding",0.526315789473684,"119/546",0.002622872821021,0.0384688013749746,0.0368122501195929,"854221/853996/852569/853784/855571/853956/856553/850982/854021/856228",10,"K47 (19)","Consensus clustering",NA,"Consensus Clustering",47,"MF"
"26","K51
(18)","GO:0019899","enzyme binding",0.333333333333333,"22/546",2.83642764790715e-05,0.00153167092986986,0.0014331423905215,"852960/852961/855418/853361/853406/854183",6,"K51 (18)","Consensus clustering",NA,"Consensus Clustering",51,"MF"
"27","K53
(9)","GO:0003682","chromatin binding",0.444444444444444,"29/546",0.000677091264336194,0.0188456781901328,0.0142582433675347,"852501/850980/853650/853244",4,"K53 (9)","Consensus clustering",NA,"Consensus Clustering",53,"MF"
"28","K53
(9)","GO:0003688","DNA replication origin binding",0.333333333333333,"13/546",0.000819064687392371,0.0188456781901328,0.0142582433675347,"852501/850980/853244",3,"K53 (9)","Consensus clustering",NA,"Consensus Clustering",53,"MF"
"29","K53
(9)","GO:1990837","sequence-specific double-stranded DNA binding",0.444444444444444,"31/546",0.000883391165162475,0.0188456781901328,0.0142582433675347,"852501/850980/853650/853244",4,"K53 (9)","Consensus clustering",NA,"Consensus Clustering",53,"MF"
"30","K53
(9)","GO:0043565","sequence-specific DNA binding",0.444444444444444,"42/546",0.00288706147792162,0.0441280368246715,0.0333863436502449,"852501/850980/853650/853244",4,"K53 (9)","Consensus clustering",NA,"Consensus Clustering",53,"MF"
"31","K53
(9)","GO:0003690","double-stranded DNA binding",0.444444444444444,"44/546",0.00344750287692746,0.0441280368246715,0.0333863436502449,"852501/850980/853650/853244",4,"K53 (9)","Consensus clustering",NA,"Consensus Clustering",53,"MF"
"32","K54
(6)","GO:0000166","nucleotide binding",1,"87/546",1.41066351651152e-05,0.000171265626542221,5.65583080428388e-05,"852673/853671/852258/851772/856394/856680",6,"K54 (6)","Consensus clustering",NA,"Consensus Clustering",54,"MF"
"33","K54
(6)","GO:1901265","nucleoside phosphate binding",1,"87/546",1.41066351651152e-05,0.000171265626542221,5.65583080428388e-05,"852673/853671/852258/851772/856394/856680",6,"K54 (6)","Consensus clustering",NA,"Consensus Clustering",54,"MF"
"34","K54
(6)","GO:0043168","anion binding",1,"88/546",1.51388279820748e-05,0.000171265626542221,5.65583080428388e-05,"852673/853671/852258/851772/856394/856680",6,"K54 (6)","Consensus clustering",NA,"Consensus Clustering",54,"MF"
"35","K54
(6)","GO:0036094","small molecule binding",1,"89/546",1.62332010892128e-05,0.000171265626542221,5.65583080428388e-05,"852673/853671/852258/851772/856394/856680",6,"K54 (6)","Consensus clustering",NA,"Consensus Clustering",54,"MF"
"36","K54
(6)","GO:0017111","nucleoside-triphosphatase activity",0.833333333333333,"48/546",2.41637107117023e-05,0.000171265626542221,5.65583080428388e-05,"852673/853671/852258/856394/856680",5,"K54 (6)","Consensus clustering",NA,"Consensus Clustering",54,"MF"
"37","K54
(6)","GO:0003688","DNA replication origin binding",0.5,"13/546",0.000203342628674293,0.000797728774029919,0.000263439842816898,"852673/852258/856680",3,"K54 (6)","Consensus clustering",NA,"Consensus Clustering",54,"MF"
"38","K54
(6)","GO:1901363","heterocyclic compound binding",1,"175/546",0.00102193306908023,0.00248183745348056,0.000819595443873868,"852673/853671/852258/851772/856394/856680",6,"K54 (6)","Consensus clustering",NA,"Consensus Clustering",54,"MF"
"39","K54
(6)","GO:0140097","catalytic activity, acting on DNA",0.5,"30/546",0.00268571109428216,0.005268125608015,0.00173973188293581,"852673/852258/856680",3,"K54 (6)","Consensus clustering",NA,"Consensus Clustering",54,"MF"
"40","K54
(6)","GO:1990837","sequence-specific double-stranded DNA binding",0.5,"31/546",0.00296073711820627,0.00539277117958999,0.00178089450719174,"852673/852258/856680",3,"K54 (6)","Consensus clustering",NA,"Consensus Clustering",54,"MF"
"41","K54
(6)","GO:0043565","sequence-specific DNA binding",0.5,"42/546",0.00721052654724748,0.0122578951303207,0.00404801490371788,"852673/852258/856680",3,"K54 (6)","Consensus clustering",NA,"Consensus Clustering",54,"MF"
"42","K54
(6)","GO:0003690","double-stranded DNA binding",0.5,"44/546",0.00824632880172576,0.0135665409318714,0.00448017863591213,"852673/852258/856680",3,"K54 (6)","Consensus clustering",NA,"Consensus Clustering",54,"MF"
"43","K4
(44)","GO:0016788","hydrolase activity, acting on ester bonds",0.227272727272727,"37/546",0.000283949378675777,0.0186987640905424,0.0184211845966207,"854151/851456/851873/853500/850934/852395/851098/852092/854550/851856",10,"K4 (44)","Bayesian",1,"Bayesian: chain 1",4,"MF"
"44","K4
(44)","GO:0004518","nuclease activity",0.159090909090909,"20/546",0.000479455489501086,0.0186987640905424,0.0184211845966207,"851456/851873/853500/850934/852395/854550/851856",7,"K4 (44)","Bayesian",1,"Bayesian: chain 1",4,"MF"
"45","K13
(26)","GO:0003697","single-stranded DNA binding",0.230769230769231,"14/546",1.49077537151721e-05,0.00105845051377722,0.000768926244256245,"853821/855642/856305/851266/850793/855404",6,"K13 (26)","Bayesian",1,"Bayesian: chain 1",13,"MF"
"46","K13
(26)","GO:0140097","catalytic activity, acting on DNA",0.269230769230769,"30/546",0.000233778389948465,0.00787901653033129,0.00572382223849122,"853821/852245/856305/851391/850793/855621/853747",7,"K13 (26)","Bayesian",1,"Bayesian: chain 1",13,"MF"
"47","K13
(26)","GO:0003677","DNA binding",0.461538461538462,"92/546",0.000332916191422449,0.00787901653033129,0.00572382223849122,"853821/855642/852245/856305/851391/851671/851266/850793/855621/855950/854063/855404",12,"K13 (26)","Bayesian",1,"Bayesian: chain 1",13,"MF"
"48","K13
(26)","GO:0003690","double-stranded DNA binding",0.307692307692308,"44/546",0.000489621932477061,0.00869078930146784,0.00631354597141474,"855642/856305/851671/851266/850793/855950/854063/855404",8,"K13 (26)","Bayesian",1,"Bayesian: chain 1",13,"MF"
"49","K13
(26)","GO:0016779","nucleotidyltransferase activity",0.153846153846154,"10/546",0.000703138490399241,0.00998456656366923,0.0072534286378027,"853821/852245/856305/855621",4,"K13 (26)","Bayesian",1,"Bayesian: chain 1",13,"MF"
"50","K13
(26)","GO:0003676","nucleic acid binding",0.461538461538462,"119/546",0.00401906585915259,0.0475589459999723,0.0345498644032416,"853821/855642/852245/856305/851391/851671/851266/850793/855621/855950/854063/855404",12,"K13 (26)","Bayesian",1,"Bayesian: chain 1",13,"MF"
"51","K14
(29)","GO:0000030","mannosyltransferase activity",0.137931034482759,"10/546",0.00108686756173372,0.0423502686300892,0.0412770649416074,"852845/856050/854499/852458",4,"K14 (29)","Bayesian",1,"Bayesian: chain 1",14,"MF"
"52","K14
(29)","GO:0016757","transferase activity, transferring glycosyl groups",0.172413793103448,"18/546",0.00156852846778108,0.0423502686300892,0.0412770649416074,"852845/856050/853102/854499/852458",5,"K14 (29)","Bayesian",1,"Bayesian: chain 1",14,"MF"
"53","K19
(16)","GO:0046982","protein heterodimerization activity",0.375,"12/546",1.87722333466818e-07,8.25978267253997e-06,7.11368842611098e-06,"852284/851811/852295/851810/852283/852294",6,"K19 (16)","Bayesian",1,"Bayesian: chain 1",19,"MF"
"54","K19
(16)","GO:0046983","protein dimerization activity",0.375,"16/546",1.52511299468856e-06,3.35524858831483e-05,2.8896877794099e-05,"852284/851811/852295/851810/852283/852294",6,"K19 (16)","Bayesian",1,"Bayesian: chain 1",19,"MF"
"55","K19
(16)","GO:0003677","DNA binding",0.625,"92/546",3.93388139532181e-05,0.000576969271313865,0.000496911334145913,"855701/855976/852284/851811/852295/851810/855700/852283/852294/852062",10,"K19 (16)","Bayesian",1,"Bayesian: chain 1",19,"MF"
"56","K19
(16)","GO:0005515","protein binding",0.625,"103/546",0.000112914029686518,0.00124205432655169,0.00106971186018806,"851691/852284/851811/852295/851810/852283/856648/855597/855743/852294",10,"K19 (16)","Bayesian",1,"Bayesian: chain 1",19,"MF"
"57","K19
(16)","GO:0003676","nucleic acid binding",0.625,"119/546",0.000418901919225729,0.00368633688918641,0.00317483559834237,"855701/855976/852284/851811/852295/851810/855700/852283/852294/852062",10,"K19 (16)","Bayesian",1,"Bayesian: chain 1",19,"MF"
"58","K23
(17)","GO:0008289","lipid binding",0.235294117647059,"14/546",0.000535577355778512,0.0257077130773686,0.0257077130773686,"851926/854903/852382/855221",4,"K23 (17)","Bayesian",1,"Bayesian: chain 1",23,"MF"
"59","K28
(17)","GO:0003723","RNA binding",0.470588235294118,"30/546",5.4712641181291e-07,2.35264357079551e-05,2.18850564725164e-05,"854221/853996/853784/853956/856553/850982/854021/856228",8,"K28 (17)","Bayesian",1,"Bayesian: chain 1",28,"MF"
"60","K28
(17)","GO:0140098","catalytic activity, acting on RNA",0.294117647058824,"14/546",2.63619558469921e-05,0.000566782050710331,0.000527239116939842,"854221/853996/853784/855571/851656",5,"K28 (17)","Bayesian",1,"Bayesian: chain 1",28,"MF"
"61","K28
(17)","GO:0003676","nucleic acid binding",0.588235294117647,"119/546",0.000829718787746849,0.0118926359577048,0.011062917169958,"854221/853996/852569/853784/855571/853956/856553/850982/854021/856228",10,"K28 (17)","Bayesian",1,"Bayesian: chain 1",28,"MF"
"62","K30
(19)","GO:0019899","enzyme binding",0.315789473684211,"22/546",4.03892428666856e-05,0.00218101911480102,0.00208323463207115,"852960/852961/855418/853361/853406/854183",6,"K30 (19)","Bayesian",1,"Bayesian: chain 1",30,"MF"
"63","K31
(13)","GO:0003688","DNA replication origin binding",0.461538461538462,"13/546",7.60453352267344e-08,4.33458410792386e-06,1.12066809807819e-06,"852501/852673/852258/856680/850980/853244",6,"K31 (13)","Bayesian",1,"Bayesian: chain 1",31,"MF"
"64","K31
(13)","GO:0003678","DNA helicase activity",0.384615384615385,"10/546",7.6768249803357e-07,2.07890735197833e-05,5.37482971887287e-06,"852501/852673/852258/856680/850980",5,"K31 (13)","Bayesian",1,"Bayesian: chain 1",31,"MF"
"65","K31
(13)","GO:0017111","nucleoside-triphosphatase activity",0.615384615384615,"48/546",1.85340130973083e-06,2.07890735197833e-05,5.37482971887287e-06,"852501/852673/853671/852258/856394/856680/850980/853244",8,"K31 (13)","Bayesian",1,"Bayesian: chain 1",31,"MF"
"66","K31
(13)","GO:0016462","pyrophosphatase activity",0.615384615384615,"49/546",2.1955242442278e-06,2.07890735197833e-05,5.37482971887287e-06,"852501/852673/853671/852258/856394/856680/850980/853244",8,"K31 (13)","Bayesian",1,"Bayesian: chain 1",31,"MF"
"67","K31
(13)","GO:0016817","hydrolase activity, acting on acid anhydrides",0.615384615384615,"49/546",2.1955242442278e-06,2.07890735197833e-05,5.37482971887287e-06,"852501/852673/853671/852258/856394/856680/850980/853244",8,"K31 (13)","Bayesian",1,"Bayesian: chain 1",31,"MF"
"68","K31
(13)","GO:0003690","double-stranded DNA binding",0.461538461538462,"44/546",0.000218849192283909,0.000542365389573167,0.000140223738763146,"852501/852673/852258/856680/850980/853244",6,"K31 (13)","Bayesian",1,"Bayesian: chain 1",31,"MF"
"69","K31
(13)","GO:0140097","catalytic activity, acting on DNA",0.384615384615385,"30/546",0.000337265551148353,0.000686576300552005,0.000177508184814923,"852501/852673/852258/856680/850980",5,"K31 (13)","Bayesian",1,"Bayesian: chain 1",31,"MF"
"70","K31
(13)","GO:0003697","single-stranded DNA binding",0.230769230769231,"14/546",0.00330988642822438,0.00628878421362633,0.00162590912263654,"852501/852258/850980",3,"K31 (13)","Bayesian",1,"Bayesian: chain 1",31,"MF"
"71","K31
(13)","GO:0003677","DNA binding",0.461538461538462,"92/546",0.0123131414174473,0.021268153357409,0.00549869154208174,"852501/852673/852258/856680/850980/853244",6,"K31 (13)","Bayesian",1,"Bayesian: chain 1",31,"MF"
"72","K2
(18)","GO:0000987","cis-regulatory region sequence-specific DNA binding",0.222222222222222,"12/546",0.000349815200701453,0.00813980621196896,0.00624765827673056,"852935/853650/852377/853803",4,"K2 (18)","Bayesian",2,"Bayesian: chain 2",2,"MF"
"73","K2
(18)","GO:0003700","DNA-binding transcription factor activity",0.222222222222222,"13/546",0.000494794547620732,0.00813980621196896,0.00624765827673056,"852935/853650/852377/853803",4,"K2 (18)","Bayesian",2,"Bayesian: chain 2",2,"MF"
"74","K2
(18)","GO:0000976","transcription regulatory region sequence-specific DNA binding",0.222222222222222,"14/546",0.000678317184330747,0.00813980621196896,0.00624765827673056,"852935/853650/852377/853803",4,"K2 (18)","Bayesian",2,"Bayesian: chain 2",2,"MF"
"75","K2
(18)","GO:0001067","regulatory region nucleic acid binding",0.222222222222222,"14/546",0.000678317184330747,0.00813980621196896,0.00624765827673056,"852935/853650/852377/853803",4,"K2 (18)","Bayesian",2,"Bayesian: chain 2",2,"MF"
"76","K2
(18)","GO:0140110","transcription regulator activity",0.222222222222222,"15/546",0.000905744758052725,0.00869514967730616,0.00667390874354639,"852935/853650/852377/853803",4,"K2 (18)","Bayesian",2,"Bayesian: chain 2",2,"MF"
"77","K3
(14)","GO:0016491","oxidoreductase activity",0.285714285714286,"18/546",0.000678317184330746,0.0352724935851988,0.0285607235507682,"854556/851539/855447/856044",4,"K3 (14)","Bayesian",2,"Bayesian: chain 2",3,"MF"
"78","K10
(7)","GO:0004553","hydrolase activity, hydrolyzing O-glycosyl compounds",0.428571428571429,"11/546",0.000204734931560983,0.00348049383653671,0.00301714635984607,"852856/850992/856546",3,"K10 (7)","Bayesian",2,"Bayesian: chain 2",10,"MF"
"79","K10
(7)","GO:0016798","hydrolase activity, acting on glycosyl bonds",0.428571428571429,"14/546",0.000444139073820431,0.00377518212747366,0.00327260370183475,"852856/850992/856546",3,"K10 (7)","Bayesian",2,"Bayesian: chain 2",10,"MF"
"80","K11
(21)","GO:0003677","DNA binding",0.571428571428571,"92/546",2.14447308662928e-05,0.00137246277544274,0.000948082838299261,"852245/856305/851391/851671/851266/850540/850793/855621/855950/852385/854063/855404",12,"K11 (21)","Bayesian",2,"Bayesian: chain 2",11,"MF"
"81","K11
(21)","GO:0003690","double-stranded DNA binding",0.380952380952381,"44/546",8.6984361661589e-05,0.00278349957317085,0.00192281220515091,"856305/851671/851266/850540/850793/855950/854063/855404",8,"K11 (21)","Bayesian",2,"Bayesian: chain 2",11,"MF"
"82","K11
(21)","GO:0005488","binding",0.904761904761905,"281/546",0.000142316310439032,0.00303608128936602,0.00209729299594363,"852245/856305/851391/851671/853327/851266/850540/850793/855621/855950/852385/851561/852119/853747/854063/852362/854786/850880/855404",19,"K11 (21)","Bayesian",2,"Bayesian: chain 2",11,"MF"
"83","K11
(21)","GO:0003676","nucleic acid binding",0.571428571428571,"119/546",0.000340471253338145,0.00544754005341033,0.00376310332636898,"852245/856305/851391/851671/851266/850540/850793/855621/855950/852385/854063/855404",12,"K11 (21)","Bayesian",2,"Bayesian: chain 2",11,"MF"
"84","K11
(21)","GO:0140097","catalytic activity, acting on DNA",0.285714285714286,"30/546",0.000501080633825046,0.00641383211296059,0.00443060770961093,"852245/856305/851391/850793/855621/853747",6,"K11 (21)","Bayesian",2,"Bayesian: chain 2",11,"MF"
"85","K11
(21)","GO:1901363","heterocyclic compound binding",0.619047619047619,"175/546",0.00397378439408555,0.0317468686108792,0.021930402658831,"852245/856305/851391/851671/851266/850540/850793/855621/855950/852385/852119/854063/855404",13,"K11 (21)","Bayesian",2,"Bayesian: chain 2",11,"MF"
"86","K14
(22)","GO:0000030","mannosyltransferase activity",0.181818181818182,"10/546",0.000356798324076837,0.0221214960927639,0.0206567450781327,"852845/856050/852458/856718",4,"K14 (22)","Bayesian",2,"Bayesian: chain 2",14,"MF"
"87","K16
(23)","GO:0016758","transferase activity, transferring hexosyl groups",0.260869565217391,"16/546",1.71556147156243e-05,0.00038961415443493,0.000361296333686527,"854499/851464/856313/851462/852303/851055",6,"K16 (23)","Bayesian",2,"Bayesian: chain 2",16,"MF"
"88","K16
(23)","GO:0000030","mannosyltransferase activity",0.217391304347826,"10/546",1.85530549730919e-05,0.00038961415443493,0.000361296333686527,"854499/851464/856313/851462/852303",5,"K16 (23)","Bayesian",2,"Bayesian: chain 2",16,"MF"
"89","K16
(23)","GO:0016757","transferase activity, transferring glycosyl groups",0.260869565217391,"18/546",3.76300341446062e-05,0.000526820478024487,0.000488530267842256,"854499/851464/856313/851462/852303/851055",6,"K16 (23)","Bayesian",2,"Bayesian: chain 2",16,"MF"
"90","K17
(20)","GO:0005515","protein binding",0.55,"103/546",0.000245343234321009,0.00642557189079262,0.00561735990452878,"852099/853100/851691/852787/850639/856458/856577/855555/852249/856263/856648",11,"K17 (20)","Bayesian",2,"Bayesian: chain 2",17,"MF"
"91","K17
(20)","GO:0008017","microtubule binding",0.25,"19/546",0.000326723994447082,0.00642557189079262,0.00561735990452878,"852787/856577/852249/856263/856648",5,"K17 (20)","Bayesian",2,"Bayesian: chain 2",17,"MF"
"92","K17
(20)","GO:0015631","tubulin binding",0.25,"19/546",0.000326723994447082,0.00642557189079262,0.00561735990452878,"852787/856577/852249/856263/856648",5,"K17 (20)","Bayesian",2,"Bayesian: chain 2",17,"MF"
"93","K17
(20)","GO:0008092","cytoskeletal protein binding",0.25,"24/546",0.00106078565583297,0.0156465884235363,0.0136785518778462,"852787/856577/852249/856263/856648",5,"K17 (20)","Bayesian",2,"Bayesian: chain 2",17,"MF"
"94","K17
(20)","GO:0005200","structural constituent of cytoskeleton",0.2,"18/546",0.00289374198141341,0.0341461553806783,0.0298512330714225,"852787/851957/854555/856577",4,"K17 (20)","Bayesian",2,"Bayesian: chain 2",17,"MF"
"95","K18
(8)","GO:0046982","protein heterodimerization activity",0.75,"12/546",7.09022833994087e-10,6.38120550594678e-09,7.46339825256933e-10,"852284/851811/852295/851810/852283/852294",6,"K18 (8)","Bayesian",2,"Bayesian: chain 2",18,"MF"
"96","K18
(8)","GO:0046983","protein dimerization activity",0.75,"16/546",6.06629406899036e-09,2.72983233104566e-08,3.19278635210019e-09,"852284/851811/852295/851810/852283/852294",6,"K18 (8)","Bayesian",2,"Bayesian: chain 2",18,"MF"
"97","K18
(8)","GO:0003677","DNA binding",1,"92/546",5.00281089020266e-07,1.5008432670608e-06,1.75537224217637e-07,"855701/852284/851811/852295/851810/855700/852283/852294",8,"K18 (8)","Bayesian",2,"Bayesian: chain 2",18,"MF"
"98","K18
(8)","GO:0003676","nucleic acid binding",1,"119/546",4.21507228283487e-06,9.48391263637847e-06,1.10922954811444e-06,"855701/852284/851811/852295/851810/855700/852283/852294",8,"K18 (8)","Bayesian",2,"Bayesian: chain 2",18,"MF"
"99","K18
(8)","GO:1901363","heterocyclic compound binding",1,"175/546",9.96864003893558e-05,0.000171786171932462,2.00919499336213e-05,"855701/852284/851811/852295/851810/855700/852283/852294",8,"K18 (8)","Bayesian",2,"Bayesian: chain 2",18,"MF"
"100","K18
(8)","GO:0005515","protein binding",0.75,"103/546",0.000800833399407063,0.0010296429420948,0.000120426075098806,"852284/851811/852295/851810/852283/852294",6,"K18 (8)","Bayesian",2,"Bayesian: chain 2",18,"MF"
"101","K18
(8)","GO:0005488","binding",1,"281/546",0.00468617504842076,0.00527194692947336,0.000616601980055363,"855701/852284/851811/852295/851810/855700/852283/852294",8,"K18 (8)","Bayesian",2,"Bayesian: chain 2",18,"MF"
"102","K20
(19)","GO:0005200","structural constituent of cytoskeleton",0.263157894736842,"18/546",0.000188709248144908,0.00937362366949692,0.00900144839914755,"855144/855597/850734/852216/854889",5,"K20 (19)","Bayesian",2,"Bayesian: chain 2",20,"MF"
"103","K20
(19)","GO:0005198","structural molecule activity",0.315789473684211,"31/546",0.000328899076122699,0.00937362366949692,0.00900144839914755,"855144/855597/850734/852216/853766/854889",6,"K20 (19)","Bayesian",2,"Bayesian: chain 2",20,"MF"
"104","K22
(13)","GO:0008289","lipid binding",0.307692307692308,"14/546",0.000170855589881426,0.00563823446608707,0.00557528766981497,"851926/854903/856850/852382",4,"K22 (13)","Bayesian",2,"Bayesian: chain 2",22,"MF"
"105","K30
(23)","GO:0003723","RNA binding",0.304347826086957,"30/546",9.78547996880192e-05,0.005088449583777,0.00484123745824937,"854221/853784/853956/850982/854021/854497/856228",7,"K30 (23)","Bayesian",2,"Bayesian: chain 2",30,"MF"
"106","K30
(23)","GO:0140098","catalytic activity, acting on RNA",0.173913043478261,"14/546",0.00182030970608116,0.0473280523581103,0.0450287137820078,"854221/853784/855571/851656",4,"K30 (23)","Bayesian",2,"Bayesian: chain 2",30,"MF"
"107","K32
(21)","GO:0003678","DNA helicase activity",0.238095238095238,"10/546",1.13987204628459e-05,0.000820707873324904,0.000455948818513836,"852501/852673/852258/856680/850980",5,"K32 (21)","Bayesian",2,"Bayesian: chain 2",32,"MF"
"108","K32
(21)","GO:0003688","DNA replication origin binding",0.238095238095238,"13/546",5.39951003390513e-05,0.00129588240813723,0.00071993467118735,"852501/852673/852258/856680/850980",5,"K32 (21)","Bayesian",2,"Bayesian: chain 2",32,"MF"
"109","K32
(21)","GO:0004386","helicase activity",0.238095238095238,"13/546",5.39951003390513e-05,0.00129588240813723,0.00071993467118735,"852501/852673/852258/856680/850980",5,"K32 (21)","Bayesian",2,"Bayesian: chain 2",32,"MF"
"110","K32
(21)","GO:0008094","DNA-dependent ATPase activity",0.238095238095238,"15/546",0.000119811744144459,0.00215661139460025,0.00119811744144459,"852501/852673/852258/856680/850980",5,"K32 (21)","Bayesian",2,"Bayesian: chain 2",32,"MF"
"111","K32
(21)","GO:0043168","anion binding",0.476190476190476,"88/546",0.000558185711231865,0.00803787424173886,0.00446548568985492,"855418/852499/852501/852673/853671/852258/851772/856394/856680/850980",10,"K32 (21)","Bayesian",2,"Bayesian: chain 2",32,"MF"
"112","K32
(21)","GO:0140097","catalytic activity, acting on DNA",0.238095238095238,"30/546",0.00388990223172003,0.0155920509699801,0.00866225053887781,"852501/852673/852258/856680/850980",5,"K32 (21)","Bayesian",2,"Bayesian: chain 2",32,"MF"
"113","K32
(21)","GO:0005488","binding",0.761904761904762,"281/546",0.0168159932918962,0.0390565005489202,0.0216980558605112,"854404/850409/855418/852499/852501/852673/853361/854294/853406/853283/853671/852258/851772/856394/856680/850980",16,"K32 (21)","Bayesian",2,"Bayesian: chain 2",32,"MF"
"114","K32
(21)","GO:0003690","double-stranded DNA binding",0.238095238095238,"44/546",0.020724848221071,0.0466309084974098,0.0259060602763388,"852501/852673/852258/856680/850980",5,"K32 (21)","Bayesian",2,"Bayesian: chain 2",32,"MF"
"115","K5
(6)","GO:0005198","structural molecule activity",0.5,"31/546",0.00296073711820627,0.0414503196548878,0.0405153500386121,"850891/853693/856893",3,"K5 (6)","Bayesian",3,"Bayesian: chain 3",5,"MF"
"116","K12
(25)","GO:0140097","catalytic activity, acting on DNA",0.28,"30/546",0.000177586345520339,0.00717126267945804,0.00520966451139279,"853821/852245/856305/851391/850793/855621/853747",7,"K12 (25)","Bayesian",3,"Bayesian: chain 3",12,"MF"
"117","K12
(25)","GO:0003697","single-stranded DNA binding",0.2,"14/546",0.000202007399421353,0.00717126267945804,0.00520966451139279,"853821/855642/856305/851266/850793",5,"K12 (25)","Bayesian",3,"Bayesian: chain 3",12,"MF"
"118","K12
(25)","GO:0016779","nucleotidyltransferase activity",0.16,"10/546",0.000600411918570428,0.0142097487395001,0.0103228715824389,"853821/852245/856305/855621",4,"K12 (25)","Bayesian",3,"Bayesian: chain 3",12,"MF"
"119","K12
(25)","GO:0003677","DNA binding",0.44,"92/546",0.00100987675462807,0.0179253123946483,0.0130220949938883,"853821/855642/852245/856305/851391/851671/851266/850793/855621/855950/854063",11,"K12 (25)","Bayesian",3,"Bayesian: chain 3",12,"MF"
"120","K12
(25)","GO:0003690","double-stranded DNA binding",0.28,"44/546",0.00217594087544943,0.0308983604313819,0.0224465479783204,"855642/856305/851671/851266/850793/855950/854063",7,"K12 (25)","Bayesian",3,"Bayesian: chain 3",12,"MF"
"121","K18
(15)","GO:0046982","protein heterodimerization activity",0.4,"12/546",1.1846929340081e-07,5.09417961623481e-06,4.36465817792456e-06,"852284/851811/852295/851810/852283/852294",6,"K18 (15)","Bayesian",3,"Bayesian: chain 3",18,"MF"
"122","K18
(15)","GO:0046983","protein dimerization activity",0.4,"16/546",9.68750918960701e-07,2.08281447576551e-05,1.78454116650655e-05,"852284/851811/852295/851810/852283/852294",6,"K18 (15)","Bayesian",3,"Bayesian: chain 3",18,"MF"
"123","K18
(15)","GO:0003677","DNA binding",0.666666666666667,"92/546",1.71387778549333e-05,0.00024565581592071,0.000210476219271111,"855701/855976/852284/851811/852295/851810/855700/852283/852294/852062",10,"K18 (15)","Bayesian",3,"Bayesian: chain 3",18,"MF"
"124","K18
(15)","GO:0003676","nucleic acid binding",0.666666666666667,"119/546",0.000192635502626357,0.00207083165323334,0.00177427436629539,"855701/855976/852284/851811/852295/851810/855700/852283/852294/852062",10,"K18 (15)","Bayesian",3,"Bayesian: chain 3",18,"MF"
"125","K18
(15)","GO:0005515","protein binding",0.6,"103/546",0.000404127406802124,0.00347549569849826,0.00297778089222617,"852284/851811/852295/851810/852283/856648/855597/855743/852294",9,"K18 (15)","Bayesian",3,"Bayesian: chain 3",18,"MF"
"126","K23
(16)","GO:0008289","lipid binding",0.25,"14/546",0.000415761967559332,0.0199565744428479,0.0199565744428479,"851926/854903/852382/855221",4,"K23 (16)","Bayesian",3,"Bayesian: chain 3",23,"MF"
"127","K29
(20)","GO:0003723","RNA binding",0.4,"30/546",2.53364417832366e-06,0.000111480343846241,0.000109346748748705,"854221/853996/853784/853956/856553/850982/854021/856228",8,"K29 (20)","Bayesian",3,"Bayesian: chain 3",29,"MF"
"128","K29
(20)","GO:0140098","catalytic activity, acting on RNA",0.25,"14/546",6.32995365913041e-05,0.00139258980500869,0.00136593736854919,"854221/853996/853784/855571/851656",5,"K29 (20)","Bayesian",3,"Bayesian: chain 3",29,"MF"
"129","K31
(19)","GO:0019899","enzyme binding",0.315789473684211,"22/546",4.03892428666856e-05,0.00218101911480102,0.00208323463207115,"852960/852961/855418/853361/853406/854183",6,"K31 (19)","Bayesian",3,"Bayesian: chain 3",31,"MF"
"130","K32
(13)","GO:0003688","DNA replication origin binding",0.461538461538462,"13/546",7.60453352267344e-08,4.33458410792386e-06,1.12066809807819e-06,"852501/852673/852258/856680/850980/853244",6,"K32 (13)","Bayesian",3,"Bayesian: chain 3",32,"MF"
"131","K32
(13)","GO:0003678","DNA helicase activity",0.384615384615385,"10/546",7.6768249803357e-07,2.07890735197833e-05,5.37482971887287e-06,"852501/852673/852258/856680/850980",5,"K32 (13)","Bayesian",3,"Bayesian: chain 3",32,"MF"
"132","K32
(13)","GO:0017111","nucleoside-triphosphatase activity",0.615384615384615,"48/546",1.85340130973083e-06,2.07890735197833e-05,5.37482971887287e-06,"852501/852673/853671/852258/856394/856680/850980/853244",8,"K32 (13)","Bayesian",3,"Bayesian: chain 3",32,"MF"
"133","K32
(13)","GO:0016462","pyrophosphatase activity",0.615384615384615,"49/546",2.1955242442278e-06,2.07890735197833e-05,5.37482971887287e-06,"852501/852673/853671/852258/856394/856680/850980/853244",8,"K32 (13)","Bayesian",3,"Bayesian: chain 3",32,"MF"
"134","K32
(13)","GO:0016817","hydrolase activity, acting on acid anhydrides",0.615384615384615,"49/546",2.1955242442278e-06,2.07890735197833e-05,5.37482971887287e-06,"852501/852673/853671/852258/856394/856680/850980/853244",8,"K32 (13)","Bayesian",3,"Bayesian: chain 3",32,"MF"
"135","K32
(13)","GO:0003690","double-stranded DNA binding",0.461538461538462,"44/546",0.000218849192283909,0.000542365389573167,0.000140223738763146,"852501/852673/852258/856680/850980/853244",6,"K32 (13)","Bayesian",3,"Bayesian: chain 3",32,"MF"
"136","K32
(13)","GO:0140097","catalytic activity, acting on DNA",0.384615384615385,"30/546",0.000337265551148353,0.000686576300552005,0.000177508184814923,"852501/852673/852258/856680/850980",5,"K32 (13)","Bayesian",3,"Bayesian: chain 3",32,"MF"
"137","K32
(13)","GO:0003697","single-stranded DNA binding",0.230769230769231,"14/546",0.00330988642822438,0.00628878421362633,0.00162590912263654,"852501/852258/850980",3,"K32 (13)","Bayesian",3,"Bayesian: chain 3",32,"MF"
"138","K32
(13)","GO:0003677","DNA binding",0.461538461538462,"92/546",0.0123131414174473,0.021268153357409,0.00549869154208174,"852501/852673/852258/856680/850980/853244",6,"K32 (13)","Bayesian",3,"Bayesian: chain 3",32,"MF"
"139","K12
(24)","GO:0140097","catalytic activity, acting on DNA",0.291666666666667,"30/546",0.000132908028428449,0.0094364700184199,0.0082542880813458,"853821/852245/856305/851391/850793/855621/853747",7,"K12 (24)","Bayesian",4,"Bayesian: chain 4",12,"MF"
"140","K12
(24)","GO:0016779","nucleotidyltransferase activity",0.166666666666667,"10/546",0.000508959338663488,0.0180680565225538,0.015804526832182,"853821/852245/856305/855621",4,"K12 (24)","Bayesian",4,"Bayesian: chain 4",12,"MF"
"141","K13
(29)","GO:0000030","mannosyltransferase activity",0.137931034482759,"10/546",0.00108686756173372,0.0431345328639797,0.0421026062404395,"852845/856050/854499/852458",4,"K13 (29)","Bayesian",4,"Bayesian: chain 4",13,"MF"
"142","K13
(29)","GO:0016757","transferase activity, transferring glycosyl groups",0.172413793103448,"18/546",0.00156852846778108,0.0431345328639797,0.0421026062404395,"852845/856050/853102/854499/852458",5,"K13 (29)","Bayesian",4,"Bayesian: chain 4",13,"MF"
"143","K18
(16)","GO:0046982","protein heterodimerization activity",0.375,"12/546",1.87722333466818e-07,8.25978267253997e-06,7.11368842611098e-06,"852284/851811/852295/851810/852283/852294",6,"K18 (16)","Bayesian",4,"Bayesian: chain 4",18,"MF"
"144","K18
(16)","GO:0046983","protein dimerization activity",0.375,"16/546",1.52511299468856e-06,3.35524858831483e-05,2.8896877794099e-05,"852284/851811/852295/851810/852283/852294",6,"K18 (16)","Bayesian",4,"Bayesian: chain 4",18,"MF"
"145","K18
(16)","GO:0003677","DNA binding",0.625,"92/546",3.93388139532181e-05,0.000576969271313865,0.000496911334145913,"855701/855976/852284/851811/852295/851810/855700/852283/852294/852062",10,"K18 (16)","Bayesian",4,"Bayesian: chain 4",18,"MF"
"146","K18
(16)","GO:0005515","protein binding",0.625,"103/546",0.000112914029686518,0.00124205432655169,0.00106971186018806,"851691/852284/851811/852295/851810/852283/856648/855597/855743/852294",10,"K18 (16)","Bayesian",4,"Bayesian: chain 4",18,"MF"
"147","K18
(16)","GO:0003676","nucleic acid binding",0.625,"119/546",0.000418901919225729,0.00368633688918641,0.00317483559834237,"855701/855976/852284/851811/852295/851810/855700/852283/852294/852062",10,"K18 (16)","Bayesian",4,"Bayesian: chain 4",18,"MF"
"148","K21
(44)","GO:0008289","lipid binding",0.136363636363636,"14/546",0.00035985320571928,0.0302276692804195,0.0302276692804195,"853539/851926/854903/856850/852382/855221",6,"K21 (44)","Bayesian",4,"Bayesian: chain 4",21,"MF"
"149","K29
(19)","GO:0003723","RNA binding",0.421052631578947,"30/546",1.57830492786783e-06,6.94454168261845e-05,6.6454944331277e-05,"854221/853996/853784/853956/856553/850982/854021/856228",8,"K29 (19)","Bayesian",4,"Bayesian: chain 4",29,"MF"
"150","K29
(19)","GO:0140098","catalytic activity, acting on RNA",0.263157894736842,"14/546",4.81532821427631e-05,0.00105937220714079,0.0010137533082687,"854221/853996/853784/855571/851656",5,"K29 (19)","Bayesian",4,"Bayesian: chain 4",29,"MF"
"151","K29
(19)","GO:0003676","nucleic acid binding",0.526315789473684,"119/546",0.002622872821021,0.0384688013749746,0.0368122501195929,"854221/853996/852569/853784/855571/853956/856553/850982/854021/856228",10,"K29 (19)","Bayesian",4,"Bayesian: chain 4",29,"MF"
"152","K31
(19)","GO:0019899","enzyme binding",0.315789473684211,"22/546",4.03892428666856e-05,0.00218101911480102,0.00208323463207115,"852960/852961/855418/853361/853406/854183",6,"K31 (19)","Bayesian",4,"Bayesian: chain 4",31,"MF"
"153","K32
(14)","GO:0003688","DNA replication origin binding",0.428571428571429,"13/546",1.31586241599508e-07,7.50041577117194e-06,2.0776774989396e-06,"852501/852673/852258/856680/850980/853244",6,"K32 (14)","Bayesian",4,"Bayesian: chain 4",32,"MF"
"154","K32
(14)","GO:0003678","DNA helicase activity",0.357142857142857,"10/546",1.18487446153709e-06,3.3768922153807e-05,9.35427206476647e-06,"852501/852673/852258/856680/850980",5,"K32 (14)","Bayesian",4,"Bayesian: chain 4",32,"MF"
"155","K32
(14)","GO:0017111","nucleoside-triphosphatase activity",0.571428571428571,"48/546",4.03772466074992e-06,3.97459320968749e-05,1.1009953489439e-05,"852501/852673/853671/852258/856394/856680/850980/853244",8,"K32 (14)","Bayesian",4,"Bayesian: chain 4",32,"MF"
"156","K32
(14)","GO:0016462","pyrophosphatase activity",0.571428571428571,"49/546",4.77460482735875e-06,3.97459320968749e-05,1.1009953489439e-05,"852501/852673/853671/852258/856394/856680/850980/853244",8,"K32 (14)","Bayesian",4,"Bayesian: chain 4",32,"MF"
"157","K32
(14)","GO:0016817","hydrolase activity, acting on acid anhydrides",0.571428571428571,"49/546",4.77460482735875e-06,3.97459320968749e-05,1.1009953489439e-05,"852501/852673/853671/852258/856394/856680/850980/853244",8,"K32 (14)","Bayesian",4,"Bayesian: chain 4",32,"MF"
"158","K32
(14)","GO:0140097","catalytic activity, acting on DNA",0.357142857142857,"30/546",0.00050437070109154,0.00107417344894189,0.000297554972006065,"852501/852673/852258/856680/850980",5,"K32 (14)","Bayesian",4,"Bayesian: chain 4",32,"MF"
"159","K32
(14)","GO:0003677","DNA binding",0.428571428571429,"92/546",0.0186495778276867,0.0322129071569135,0.00892324297975442,"852501/852673/852258/856680/850980/853244",6,"K32 (14)","Bayesian",4,"Bayesian: chain 4",32,"MF"
"160","K13
(25)","GO:0003697","single-stranded DNA binding",0.24,"14/546",1.16188927554932e-05,0.000824941385640015,0.000733824805610095,"853821/855642/856305/851266/850793/855404",6,"K13 (25)","Bayesian",5,"Bayesian: chain 5",13,"MF"
"161","K13
(25)","GO:0140097","catalytic activity, acting on DNA",0.28,"30/546",0.000177586345520339,0.00492962244018319,0.00438513486154176,"853821/852245/856305/851391/850793/855621/853747",7,"K13 (25)","Bayesian",5,"Bayesian: chain 5",13,"MF"
"162","K13
(25)","GO:0003677","DNA binding",0.48,"92/546",0.000208293905923233,0.00492962244018319,0.00438513486154176,"853821/855642/852245/856305/851391/851671/851266/850793/855621/855950/854063/855404",12,"K13 (25)","Bayesian",5,"Bayesian: chain 5",13,"MF"
"163","K13
(25)","GO:0003690","double-stranded DNA binding",0.32,"44/546",0.000360709120720909,0.00640258689279614,0.00569540716927752,"855642/856305/851671/851266/850793/855950/854063/855404",8,"K13 (25)","Bayesian",5,"Bayesian: chain 5",13,"MF"
"164","K13
(25)","GO:0016779","nucleotidyltransferase activity",0.16,"10/546",0.000600411918570428,0.00852584924370007,0.0075841505503633,"853821/852245/856305/855621",4,"K13 (25)","Bayesian",5,"Bayesian: chain 5",13,"MF"
"165","K13
(25)","GO:0003676","nucleic acid binding",0.48,"119/546",0.00265547191252696,0.0314230842982356,0.0279523359213364,"853821/855642/852245/856305/851391/851671/851266/850793/855621/855950/854063/855404",12,"K13 (25)","Bayesian",5,"Bayesian: chain 5",13,"MF"
"166","K14
(42)","GO:0000030","mannosyltransferase activity",0.119047619047619,"10/546",0.000402697104058685,0.0273834030759906,0.0271290680629009,"852845/856050/854499/852458/851464",5,"K14 (42)","Bayesian",5,"Bayesian: chain 5",14,"MF"
"167","K14
(42)","GO:0016757","transferase activity, transferring glycosyl groups",0.142857142857143,"18/546",0.00134123540671605,0.0456020038283457,0.0451784558051722,"852845/856050/853102/854499/852458/851464",6,"K14 (42)","Bayesian",5,"Bayesian: chain 5",14,"MF"
"168","K19
(16)","GO:0046982","protein heterodimerization activity",0.375,"12/546",1.87722333466818e-07,8.25978267253997e-06,7.11368842611098e-06,"852284/851811/852295/851810/852283/852294",6,"K19 (16)","Bayesian",5,"Bayesian: chain 5",19,"MF"
"169","K19
(16)","GO:0046983","protein dimerization activity",0.375,"16/546",1.52511299468856e-06,3.35524858831483e-05,2.8896877794099e-05,"852284/851811/852295/851810/852283/852294",6,"K19 (16)","Bayesian",5,"Bayesian: chain 5",19,"MF"
"170","K19
(16)","GO:0003677","DNA binding",0.625,"92/546",3.93388139532181e-05,0.000576969271313865,0.000496911334145913,"855701/855976/852284/851811/852295/851810/855700/852283/852294/852062",10,"K19 (16)","Bayesian",5,"Bayesian: chain 5",19,"MF"
"171","K19
(16)","GO:0005515","protein binding",0.625,"103/546",0.000112914029686518,0.00124205432655169,0.00106971186018806,"851691/852284/851811/852295/851810/852283/856648/855597/855743/852294",10,"K19 (16)","Bayesian",5,"Bayesian: chain 5",19,"MF"
"172","K19
(16)","GO:0003676","nucleic acid binding",0.625,"119/546",0.000418901919225729,0.00368633688918641,0.00317483559834237,"855701/855976/852284/851811/852295/851810/855700/852283/852294/852062",10,"K19 (16)","Bayesian",5,"Bayesian: chain 5",19,"MF"
"173","K22
(43)","GO:0008289","lipid binding",0.13953488372093,"14/546",0.00031498829235348,0.0264590165576924,0.0264590165576924,"853539/851926/854903/856850/852382/855221",6,"K22 (43)","Bayesian",5,"Bayesian: chain 5",22,"MF"
"174","K29
(17)","GO:0003723","RNA binding",0.470588235294118,"30/546",5.4712641181291e-07,2.35264357079551e-05,2.18850564725164e-05,"854221/853996/853784/853956/856553/850982/854021/856228",8,"K29 (17)","Bayesian",5,"Bayesian: chain 5",29,"MF"
"175","K29
(17)","GO:0140098","catalytic activity, acting on RNA",0.294117647058824,"14/546",2.63619558469921e-05,0.000566782050710331,0.000527239116939842,"854221/853996/853784/855571/851656",5,"K29 (17)","Bayesian",5,"Bayesian: chain 5",29,"MF"
"176","K29
(17)","GO:0003676","nucleic acid binding",0.588235294117647,"119/546",0.000829718787746849,0.0118926359577048,0.011062917169958,"854221/853996/852569/853784/855571/853956/856553/850982/854021/856228",10,"K29 (17)","Bayesian",5,"Bayesian: chain 5",29,"MF"
"177","K32
(19)","GO:0019899","enzyme binding",0.315789473684211,"22/546",4.03892428666856e-05,0.00218101911480102,0.00208323463207115,"852960/852961/855418/853361/853406/854183",6,"K32 (19)","Bayesian",5,"Bayesian: chain 5",32,"MF"
"178","K33
(13)","GO:0003688","DNA replication origin binding",0.461538461538462,"13/546",7.60453352267344e-08,4.33458410792386e-06,1.12066809807819e-06,"852501/852673/852258/856680/850980/853244",6,"K33 (13)","Bayesian",5,"Bayesian: chain 5",33,"MF"
"179","K33
(13)","GO:0003678","DNA helicase activity",0.384615384615385,"10/546",7.6768249803357e-07,2.07890735197833e-05,5.37482971887287e-06,"852501/852673/852258/856680/850980",5,"K33 (13)","Bayesian",5,"Bayesian: chain 5",33,"MF"
"180","K33
(13)","GO:0017111","nucleoside-triphosphatase activity",0.615384615384615,"48/546",1.85340130973083e-06,2.07890735197833e-05,5.37482971887287e-06,"852501/852673/853671/852258/856394/856680/850980/853244",8,"K33 (13)","Bayesian",5,"Bayesian: chain 5",33,"MF"
"181","K33
(13)","GO:0016462","pyrophosphatase activity",0.615384615384615,"49/546",2.1955242442278e-06,2.07890735197833e-05,5.37482971887287e-06,"852501/852673/853671/852258/856394/856680/850980/853244",8,"K33 (13)","Bayesian",5,"Bayesian: chain 5",33,"MF"
"182","K33
(13)","GO:0016817","hydrolase activity, acting on acid anhydrides",0.615384615384615,"49/546",2.1955242442278e-06,2.07890735197833e-05,5.37482971887287e-06,"852501/852673/853671/852258/856394/856680/850980/853244",8,"K33 (13)","Bayesian",5,"Bayesian: chain 5",33,"MF"
"183","K33
(13)","GO:0003690","double-stranded DNA binding",0.461538461538462,"44/546",0.000218849192283909,0.000542365389573167,0.000140223738763146,"852501/852673/852258/856680/850980/853244",6,"K33 (13)","Bayesian",5,"Bayesian: chain 5",33,"MF"
"184","K33
(13)","GO:0140097","catalytic activity, acting on DNA",0.384615384615385,"30/546",0.000337265551148353,0.000686576300552005,0.000177508184814923,"852501/852673/852258/856680/850980",5,"K33 (13)","Bayesian",5,"Bayesian: chain 5",33,"MF"
"185","K33
(13)","GO:0003697","single-stranded DNA binding",0.230769230769231,"14/546",0.00330988642822438,0.00628878421362633,0.00162590912263654,"852501/852258/850980",3,"K33 (13)","Bayesian",5,"Bayesian: chain 5",33,"MF"
"186","K33
(13)","GO:0003677","DNA binding",0.461538461538462,"92/546",0.0123131414174473,0.021268153357409,0.00549869154208174,"852501/852673/852258/856680/850980/853244",6,"K33 (13)","Bayesian",5,"Bayesian: chain 5",33,"MF"
"187","K13
(25)","GO:0140097","catalytic activity, acting on DNA",0.28,"30/546",0.000177586345520339,0.00717126267945804,0.00520966451139279,"853821/852245/856305/851391/850793/855621/853747",7,"K13 (25)","Bayesian",6,"Bayesian: chain 6",13,"MF"
"188","K13
(25)","GO:0003697","single-stranded DNA binding",0.2,"14/546",0.000202007399421353,0.00717126267945804,0.00520966451139279,"853821/855642/856305/851266/850793",5,"K13 (25)","Bayesian",6,"Bayesian: chain 6",13,"MF"
"189","K13
(25)","GO:0016779","nucleotidyltransferase activity",0.16,"10/546",0.000600411918570428,0.0142097487395001,0.0103228715824389,"853821/852245/856305/855621",4,"K13 (25)","Bayesian",6,"Bayesian: chain 6",13,"MF"
"190","K13
(25)","GO:0003677","DNA binding",0.44,"92/546",0.00100987675462807,0.0179253123946483,0.0130220949938883,"853821/855642/852245/856305/851391/851671/851266/850793/855621/855950/854063",11,"K13 (25)","Bayesian",6,"Bayesian: chain 6",13,"MF"
"191","K13
(25)","GO:0003690","double-stranded DNA binding",0.28,"44/546",0.00217594087544943,0.0308983604313819,0.0224465479783204,"855642/856305/851671/851266/850793/855950/854063",7,"K13 (25)","Bayesian",6,"Bayesian: chain 6",13,"MF"
"192","K14
(29)","GO:0000030","mannosyltransferase activity",0.137931034482759,"10/546",0.00108686756173372,0.0431345328639797,0.0421026062404395,"852845/856050/854499/852458",4,"K14 (29)","Bayesian",6,"Bayesian: chain 6",14,"MF"
"193","K14
(29)","GO:0016757","transferase activity, transferring glycosyl groups",0.172413793103448,"18/546",0.00156852846778108,0.0431345328639797,0.0421026062404395,"852845/856050/853102/854499/852458",5,"K14 (29)","Bayesian",6,"Bayesian: chain 6",14,"MF"
"194","K19
(16)","GO:0046982","protein heterodimerization activity",0.375,"12/546",1.87722333466818e-07,8.25978267253997e-06,7.11368842611098e-06,"852284/851811/852295/851810/852283/852294",6,"K19 (16)","Bayesian",6,"Bayesian: chain 6",19,"MF"
"195","K19
(16)","GO:0046983","protein dimerization activity",0.375,"16/546",1.52511299468856e-06,3.35524858831483e-05,2.8896877794099e-05,"852284/851811/852295/851810/852283/852294",6,"K19 (16)","Bayesian",6,"Bayesian: chain 6",19,"MF"
"196","K19
(16)","GO:0003677","DNA binding",0.625,"92/546",3.93388139532181e-05,0.000576969271313865,0.000496911334145913,"855701/855976/852284/851811/852295/851810/855700/852283/852294/852062",10,"K19 (16)","Bayesian",6,"Bayesian: chain 6",19,"MF"
"197","K19
(16)","GO:0005515","protein binding",0.625,"103/546",0.000112914029686518,0.00124205432655169,0.00106971186018806,"851691/852284/851811/852295/851810/852283/856648/855597/855743/852294",10,"K19 (16)","Bayesian",6,"Bayesian: chain 6",19,"MF"
"198","K19
(16)","GO:0003676","nucleic acid binding",0.625,"119/546",0.000418901919225729,0.00368633688918641,0.00317483559834237,"855701/855976/852284/851811/852295/851810/855700/852283/852294/852062",10,"K19 (16)","Bayesian",6,"Bayesian: chain 6",19,"MF"
"199","K24
(18)","GO:0008289","lipid binding",0.222222222222222,"14/546",0.000678317184330747,0.0366291279538603,0.0366291279538603,"851926/854903/852382/855221",4,"K24 (18)","Bayesian",6,"Bayesian: chain 6",24,"MF"
"200","K29
(20)","GO:0003723","RNA binding",0.4,"30/546",2.53364417832366e-06,0.000111480343846241,0.000109346748748705,"854221/853996/853784/853956/856553/850982/854021/856228",8,"K29 (20)","Bayesian",6,"Bayesian: chain 6",29,"MF"
"201","K29
(20)","GO:0140098","catalytic activity, acting on RNA",0.25,"14/546",6.32995365913041e-05,0.00139258980500869,0.00136593736854919,"854221/853996/853784/855571/851656",5,"K29 (20)","Bayesian",6,"Bayesian: chain 6",29,"MF"
"202","K31
(19)","GO:0019899","enzyme binding",0.315789473684211,"22/546",4.03892428666856e-05,0.00218101911480102,0.00208323463207115,"852960/852961/855418/853361/853406/854183",6,"K31 (19)","Bayesian",6,"Bayesian: chain 6",31,"MF"
"203","K32
(14)","GO:0003688","DNA replication origin binding",0.428571428571429,"13/546",1.31586241599508e-07,7.50041577117194e-06,2.0776774989396e-06,"852501/852673/852258/856680/850980/853244",6,"K32 (14)","Bayesian",6,"Bayesian: chain 6",32,"MF"
"204","K32
(14)","GO:0003678","DNA helicase activity",0.357142857142857,"10/546",1.18487446153709e-06,3.3768922153807e-05,9.35427206476647e-06,"852501/852673/852258/856680/850980",5,"K32 (14)","Bayesian",6,"Bayesian: chain 6",32,"MF"
"205","K32
(14)","GO:0017111","nucleoside-triphosphatase activity",0.571428571428571,"48/546",4.03772466074992e-06,3.97459320968749e-05,1.1009953489439e-05,"852501/852673/853671/852258/856394/856680/850980/853244",8,"K32 (14)","Bayesian",6,"Bayesian: chain 6",32,"MF"
"206","K32
(14)","GO:0016462","pyrophosphatase activity",0.571428571428571,"49/546",4.77460482735875e-06,3.97459320968749e-05,1.1009953489439e-05,"852501/852673/853671/852258/856394/856680/850980/853244",8,"K32 (14)","Bayesian",6,"Bayesian: chain 6",32,"MF"
"207","K32
(14)","GO:0016817","hydrolase activity, acting on acid anhydrides",0.571428571428571,"49/546",4.77460482735875e-06,3.97459320968749e-05,1.1009953489439e-05,"852501/852673/853671/852258/856394/856680/850980/853244",8,"K32 (14)","Bayesian",6,"Bayesian: chain 6",32,"MF"
"208","K32
(14)","GO:0003690","double-stranded DNA binding",0.428571428571429,"44/546",0.00035985320571928,0.000891810118521695,0.000247038813994929,"852501/852673/852258/856680/850980/853244",6,"K32 (14)","Bayesian",6,"Bayesian: chain 6",32,"MF"
"209","K32
(14)","GO:0140097","catalytic activity, acting on DNA",0.357142857142857,"30/546",0.00050437070109154,0.00107417344894189,0.000297554972006065,"852501/852673/852258/856680/850980",5,"K32 (14)","Bayesian",6,"Bayesian: chain 6",32,"MF"
"210","K32
(14)","GO:0003697","single-stranded DNA binding",0.214285714285714,"14/546",0.00414831765674989,0.00788180354782479,0.00218332508249994,"852501/852258/850980",3,"K32 (14)","Bayesian",6,"Bayesian: chain 6",32,"MF"
"211","K32
(14)","GO:0003677","DNA binding",0.428571428571429,"92/546",0.0186495778276867,0.0322129071569135,0.00892324297975442,"852501/852673/852258/856680/850980/853244",6,"K32 (14)","Bayesian",6,"Bayesian: chain 6",32,"MF"
"212","K12
(25)","GO:0140097","catalytic activity, acting on DNA",0.28,"30/546",0.000177586345520339,0.00717126267945804,0.00637918103435852,"853821/852245/856305/851391/850793/855621/853747",7,"K12 (25)","Bayesian",7,"Bayesian: chain 7",12,"MF"
"213","K12
(25)","GO:0003697","single-stranded DNA binding",0.2,"14/546",0.000202007399421353,0.00717126267945804,0.00637918103435852,"853821/856305/851266/850793/855404",5,"K12 (25)","Bayesian",7,"Bayesian: chain 7",12,"MF"
"214","K12
(25)","GO:0016779","nucleotidyltransferase activity",0.16,"10/546",0.000600411918570428,0.0142097487395001,0.0126402509172722,"853821/852245/856305/855621",4,"K12 (25)","Bayesian",7,"Bayesian: chain 7",12,"MF"
"215","K12
(25)","GO:0003677","DNA binding",0.44,"92/546",0.00100987675462807,0.0179253123946483,0.0159454224414959,"853821/852245/856305/851391/851671/851266/850793/855621/855950/854063/855404",11,"K12 (25)","Bayesian",7,"Bayesian: chain 7",12,"MF"
"216","K12
(25)","GO:0003690","double-stranded DNA binding",0.28,"44/546",0.00217594087544943,0.0308983604313819,0.0274855689530454,"856305/851671/851266/850793/855950/854063/855404",7,"K12 (25)","Bayesian",7,"Bayesian: chain 7",12,"MF"
"217","K13
(37)","GO:0000030","mannosyltransferase activity",0.135135135135135,"10/546",0.000214882267593176,0.0141822296611496,0.0137977034980882,"852845/856050/854499/852458/851464",5,"K13 (37)","Bayesian",7,"Bayesian: chain 7",13,"MF"
"218","K13
(37)","GO:0016757","transferase activity, transferring glycosyl groups",0.162162162162162,"18/546",0.000656939349331958,0.0216789985279546,0.0210912106890786,"852845/856050/853102/854499/852458/851464",6,"K13 (37)","Bayesian",7,"Bayesian: chain 7",13,"MF"
"219","K16
(15)","GO:0046982","protein heterodimerization activity",0.4,"12/546",1.1846929340081e-07,5.09417961623481e-06,4.36465817792456e-06,"852284/851811/852295/851810/852283/852294",6,"K16 (15)","Bayesian",7,"Bayesian: chain 7",16,"MF"
"220","K16
(15)","GO:0046983","protein dimerization activity",0.4,"16/546",9.68750918960701e-07,2.08281447576551e-05,1.78454116650655e-05,"852284/851811/852295/851810/852283/852294",6,"K16 (15)","Bayesian",7,"Bayesian: chain 7",16,"MF"
"221","K16
(15)","GO:0003677","DNA binding",0.666666666666667,"92/546",1.71387778549333e-05,0.00024565581592071,0.000210476219271111,"855701/855976/852284/851811/852295/851810/855700/852283/852294/852062",10,"K16 (15)","Bayesian",7,"Bayesian: chain 7",16,"MF"
"222","K16
(15)","GO:0003676","nucleic acid binding",0.666666666666667,"119/546",0.000192635502626357,0.00207083165323334,0.00177427436629539,"855701/855976/852284/851811/852295/851810/855700/852283/852294/852062",10,"K16 (15)","Bayesian",7,"Bayesian: chain 7",16,"MF"
"223","K16
(15)","GO:0005515","protein binding",0.6,"103/546",0.000404127406802124,0.00347549569849826,0.00297778089222617,"852284/851811/852295/851810/852283/856648/855597/855743/852294",9,"K16 (15)","Bayesian",7,"Bayesian: chain 7",16,"MF"
"224","K21
(18)","GO:0008289","lipid binding",0.222222222222222,"14/546",0.000678317184330747,0.0366291279538603,0.0366291279538603,"851926/854903/852382/855221",4,"K21 (18)","Bayesian",7,"Bayesian: chain 7",21,"MF"
"225","K26
(20)","GO:0003723","RNA binding",0.4,"30/546",2.53364417832366e-06,0.000111480343846241,0.000109346748748705,"854221/853996/853784/853956/856553/850982/854021/856228",8,"K26 (20)","Bayesian",7,"Bayesian: chain 7",26,"MF"
"226","K26
(20)","GO:0140098","catalytic activity, acting on RNA",0.25,"14/546",6.32995365913041e-05,0.00139258980500869,0.00136593736854919,"854221/853996/853784/855571/851656",5,"K26 (20)","Bayesian",7,"Bayesian: chain 7",26,"MF"
"227","K28
(19)","GO:0019899","enzyme binding",0.315789473684211,"22/546",4.03892428666856e-05,0.00218101911480102,0.00208323463207115,"852960/852961/855418/853361/853406/854183",6,"K28 (19)","Bayesian",7,"Bayesian: chain 7",28,"MF"
"228","K29
(13)","GO:0003688","DNA replication origin binding",0.461538461538462,"13/546",7.60453352267344e-08,4.33458410792386e-06,1.12066809807819e-06,"852501/852673/852258/856680/850980/853244",6,"K29 (13)","Bayesian",7,"Bayesian: chain 7",29,"MF"
"229","K29
(13)","GO:0003678","DNA helicase activity",0.384615384615385,"10/546",7.6768249803357e-07,2.07890735197833e-05,5.37482971887287e-06,"852501/852673/852258/856680/850980",5,"K29 (13)","Bayesian",7,"Bayesian: chain 7",29,"MF"
"230","K29
(13)","GO:0017111","nucleoside-triphosphatase activity",0.615384615384615,"48/546",1.85340130973083e-06,2.07890735197833e-05,5.37482971887287e-06,"852501/852673/853671/852258/856394/856680/850980/853244",8,"K29 (13)","Bayesian",7,"Bayesian: chain 7",29,"MF"
"231","K29
(13)","GO:0016462","pyrophosphatase activity",0.615384615384615,"49/546",2.1955242442278e-06,2.07890735197833e-05,5.37482971887287e-06,"852501/852673/853671/852258/856394/856680/850980/853244",8,"K29 (13)","Bayesian",7,"Bayesian: chain 7",29,"MF"
"232","K29
(13)","GO:0016817","hydrolase activity, acting on acid anhydrides",0.615384615384615,"49/546",2.1955242442278e-06,2.07890735197833e-05,5.37482971887287e-06,"852501/852673/853671/852258/856394/856680/850980/853244",8,"K29 (13)","Bayesian",7,"Bayesian: chain 7",29,"MF"
"233","K29
(13)","GO:0003690","double-stranded DNA binding",0.461538461538462,"44/546",0.000218849192283909,0.000542365389573167,0.000140223738763146,"852501/852673/852258/856680/850980/853244",6,"K29 (13)","Bayesian",7,"Bayesian: chain 7",29,"MF"
"234","K29
(13)","GO:0140097","catalytic activity, acting on DNA",0.384615384615385,"30/546",0.000337265551148353,0.000686576300552005,0.000177508184814923,"852501/852673/852258/856680/850980",5,"K29 (13)","Bayesian",7,"Bayesian: chain 7",29,"MF"
"235","K29
(13)","GO:0003697","single-stranded DNA binding",0.230769230769231,"14/546",0.00330988642822438,0.00628878421362633,0.00162590912263654,"852501/852258/850980",3,"K29 (13)","Bayesian",7,"Bayesian: chain 7",29,"MF"
"236","K29
(13)","GO:0003677","DNA binding",0.461538461538462,"92/546",0.0123131414174473,0.021268153357409,0.00549869154208174,"852501/852673/852258/856680/850980/853244",6,"K29 (13)","Bayesian",7,"Bayesian: chain 7",29,"MF"
"237","K12
(24)","GO:0140097","catalytic activity, acting on DNA",0.291666666666667,"30/546",0.000132908028428449,0.00581950428213042,0.00526300609651528,"853821/852245/856305/851391/850793/855621/853747",7,"K12 (24)","Bayesian",8,"Bayesian: chain 8",12,"MF"
"238","K12
(24)","GO:0003697","single-stranded DNA binding",0.208333333333333,"14/546",0.000163929698088181,0.00581950428213042,0.00526300609651528,"853821/856305/851266/850793/855404",5,"K12 (24)","Bayesian",8,"Bayesian: chain 8",12,"MF"
"239","K12
(24)","GO:0016779","nucleotidyltransferase activity",0.166666666666667,"10/546",0.000508959338663488,0.0116649503462635,0.0105494732560722,"853821/852245/856305/855621",4,"K12 (24)","Bayesian",8,"Bayesian: chain 8",12,"MF"
"240","K12
(24)","GO:0003677","DNA binding",0.458333333333333,"92/546",0.000657180301197943,0.0116649503462635,0.0105494732560722,"853821/852245/856305/851391/851671/851266/850793/855621/855950/854063/855404",11,"K12 (24)","Bayesian",8,"Bayesian: chain 8",12,"MF"
"241","K12
(24)","GO:0003690","double-stranded DNA binding",0.291666666666667,"44/546",0.00166767598412544,0.0236809989745813,0.0214164705329794,"856305/851671/851266/850793/855950/854063/855404",7,"K12 (24)","Bayesian",8,"Bayesian: chain 8",12,"MF"
"242","K13
(35)","GO:0000030","mannosyltransferase activity",0.142857142857143,"10/546",0.000162634588902421,0.00943280615634039,0.00941568672592961,"852845/856050/854499/852458/851464",5,"K13 (35)","Bayesian",8,"Bayesian: chain 8",13,"MF"
"243","K13
(35)","GO:0016757","transferase activity, transferring glycosyl groups",0.171428571428571,"18/546",0.000477322678754658,0.0138423576838851,0.0138172354376348,"852845/856050/853102/854499/852458/851464",6,"K13 (35)","Bayesian",8,"Bayesian: chain 8",13,"MF"
"244","K13
(35)","GO:0016758","transferase activity, transferring hexosyl groups",0.142857142857143,"16/546",0.00212177844742188,0.0410210499834897,0.0409466016169135,"852845/856050/854499/852458/851464",5,"K13 (35)","Bayesian",8,"Bayesian: chain 8",13,"MF"
"245","K17
(17)","GO:0046982","protein heterodimerization activity",0.352941176470588,"12/546",2.87313669301021e-07,1.26418014492449e-05,1.08876758893019e-05,"852284/851811/852295/851810/852283/852294",6,"K17 (17)","Bayesian",8,"Bayesian: chain 8",17,"MF"
"246","K17
(17)","GO:0046983","protein dimerization activity",0.352941176470588,"16/546",2.31909798097598e-06,5.10201555814715e-05,4.39408038500711e-05,"852284/851811/852295/851810/852283/852294",6,"K17 (17)","Bayesian",8,"Bayesian: chain 8",17,"MF"
"247","K17
(17)","GO:0003677","DNA binding",0.588235294117647,"92/546",8.22309591695265e-05,0.00120605406781972,0.0010387068526677,"855701/855976/852284/851811/852295/851810/855700/852283/852294/852062",10,"K17 (17)","Bayesian",8,"Bayesian: chain 8",17,"MF"
"248","K17
(17)","GO:0005515","protein binding",0.588235294117647,"103/546",0.000230969263967345,0.0025406619036408,0.00218812986916433,"851691/852284/851811/852295/851810/852283/856648/855597/855743/852294",10,"K17 (17)","Bayesian",8,"Bayesian: chain 8",17,"MF"
"249","K17
(17)","GO:0003676","nucleic acid binding",0.588235294117647,"119/546",0.000829718787746849,0.00730152533217227,0.00628839502292348,"855701/855976/852284/851811/852295/851810/855700/852283/852294/852062",10,"K17 (17)","Bayesian",8,"Bayesian: chain 8",17,"MF"
"250","K22
(16)","GO:0008289","lipid binding",0.25,"14/546",0.000415761967559332,0.0199565744428479,0.0199565744428479,"851926/854903/852382/855221",4,"K22 (16)","Bayesian",8,"Bayesian: chain 8",22,"MF"
"251","K27
(22)","GO:0003723","RNA binding",0.409090909090909,"30/546",4.00099755749655e-07,1.76043892529848e-05,1.72674631428799e-05,"854221/853996/853784/853956/856553/850982/854021/856228/855613",9,"K27 (22)","Bayesian",8,"Bayesian: chain 8",27,"MF"
"252","K27
(22)","GO:0140098","catalytic activity, acting on RNA",0.227272727272727,"14/546",0.000104501769595396,0.00229903893109872,0.00225503818600592,"854221/853996/853784/855571/851656",5,"K27 (22)","Bayesian",8,"Bayesian: chain 8",27,"MF"
"253","K27
(22)","GO:0003676","nucleic acid binding",0.5,"119/546",0.00269399802377791,0.0395119710154093,0.0387557610438225,"854221/853996/852569/853784/855571/853956/856553/850982/854021/856228/855613",11,"K27 (22)","Bayesian",8,"Bayesian: chain 8",27,"MF"
"254","K30
(20)","GO:0019899","enzyme binding",0.3,"22/546",5.62133684640487e-05,0.00359765558169912,0.00349114604145144,"852960/852961/855418/853361/853406/854183",6,"K30 (20)","Bayesian",8,"Bayesian: chain 8",30,"MF"
"255","K32
(12)","GO:0003688","DNA replication origin binding",0.416666666666667,"13/546",2.35322249651042e-06,0.000134133682301094,3.2201992057511e-05,"852501/852258/856680/850980/853244",5,"K32 (12)","Bayesian",8,"Bayesian: chain 8",32,"MF"
"256","K32
(12)","GO:0017111","nucleoside-triphosphatase activity",0.583333333333333,"48/546",1.49593414158453e-05,0.000197237871320684,4.73516588581514e-05,"852501/853671/852258/856394/856680/850980/853244",7,"K32 (12)","Bayesian",8,"Bayesian: chain 8",32,"MF"
"257","K32
(12)","GO:0016462","pyrophosphatase activity",0.583333333333333,"49/546",1.73015676597092e-05,0.000197237871320684,4.73516588581514e-05,"852501/853671/852258/856394/856680/850980/853244",7,"K32 (12)","Bayesian",8,"Bayesian: chain 8",32,"MF"
"258","K32
(12)","GO:0016817","hydrolase activity, acting on acid anhydrides",0.583333333333333,"49/546",1.73015676597092e-05,0.000197237871320684,4.73516588581514e-05,"852501/853671/852258/856394/856680/850980/853244",7,"K32 (12)","Bayesian",8,"Bayesian: chain 8",32,"MF"
"259","K32
(12)","GO:0016818","hydrolase activity, acting on acid anhydrides, in phosphorus-containing anhydrides",0.583333333333333,"49/546",1.73015676597092e-05,0.000197237871320684,4.73516588581514e-05,"852501/853671/852258/856394/856680/850980/853244",7,"K32 (12)","Bayesian",8,"Bayesian: chain 8",32,"MF"
"260","K32
(12)","GO:0003690","double-stranded DNA binding",0.416666666666667,"44/546",0.00140472910015062,0.00296553921142908,0.000711948471811229,"852501/852258/856680/850980/853244",5,"K32 (12)","Bayesian",8,"Bayesian: chain 8",32,"MF"
"261","K32
(12)","GO:0003697","single-stranded DNA binding",0.25,"14/546",0.00258549469629908,0.00508183440307061,0.00122001564616654,"852501/852258/850980",3,"K32 (12)","Bayesian",8,"Bayesian: chain 8",32,"MF"
"262","K32
(12)","GO:0140097","catalytic activity, acting on DNA",0.333333333333333,"30/546",0.00270887325611127,0.00514685918661141,0.00123562639752444,"852501/852258/856680/850980",4,"K32 (12)","Bayesian",8,"Bayesian: chain 8",32,"MF"
"263","K13
(23)","GO:0140097","catalytic activity, acting on DNA",0.304347826086957,"30/546",9.78547996880192e-05,0.00694769077784937,0.00638631324279704,"853821/852245/856305/851391/850793/855621/853747",7,"K13 (23)","Bayesian",9,"Bayesian: chain 9",13,"MF"
"264","K13
(23)","GO:0016779","nucleotidyltransferase activity",0.173913043478261,"10/546",0.000428007854414467,0.0151942788317136,0.0139665720914195,"853821/852245/856305/855621",4,"K13 (23)","Bayesian",9,"Bayesian: chain 9",13,"MF"
"265","K13
(23)","GO:0003697","single-stranded DNA binding",0.173913043478261,"14/546",0.00182030970608116,0.0349122703917899,0.0320913382400441,"853821/856305/851266/850793",4,"K13 (23)","Bayesian",9,"Bayesian: chain 9",13,"MF"
"266","K13
(23)","GO:0003677","DNA binding",0.434782608695652,"92/546",0.0019668884727769,0.0349122703917899,0.0320913382400441,"853821/852245/856305/851391/851671/851266/850793/855621/855950/854063",10,"K13 (23)","Bayesian",9,"Bayesian: chain 9",13,"MF"
"267","K13
(23)","GO:0016772","transferase activity, transferring phosphorus-containing groups",0.260869565217391,"38/546",0.0031995838379111,0.0454340904983376,0.041762989042208,"853821/852245/856305/855621/855950/852119",6,"K13 (23)","Bayesian",9,"Bayesian: chain 9",13,"MF"
"268","K17
(25)","GO:0005515","protein binding",0.48,"103/546",0.000657780167638662,0.0197113455076036,0.0182870645208812,"852091/852099/853100/851691/852787/850639/856458/856577/855555/852249/856263/856648",12,"K17 (25)","Bayesian",9,"Bayesian: chain 9",17,"MF"
"269","K17
(25)","GO:0008017","microtubule binding",0.2,"19/546",0.00100227180547137,0.0197113455076036,0.0182870645208812,"852787/856577/852249/856263/856648",5,"K17 (25)","Bayesian",9,"Bayesian: chain 9",17,"MF"
"270","K17
(25)","GO:0015631","tubulin binding",0.2,"19/546",0.00100227180547137,0.0197113455076036,0.0182870645208812,"852787/856577/852249/856263/856648",5,"K17 (25)","Bayesian",9,"Bayesian: chain 9",17,"MF"
"271","K17
(25)","GO:0008092","cytoskeletal protein binding",0.2,"24/546",0.00312823012001345,0.0461413942701984,0.0428073595370262,"852787/856577/852249/856263/856648",5,"K17 (25)","Bayesian",9,"Bayesian: chain 9",17,"MF"
"272","K18
(14)","GO:0046982","protein heterodimerization activity",0.428571428571429,"12/546",7.17729578134443e-08,1.57900507189578e-06,1.05770674672444e-06,"852284/851811/852295/851810/852283/852294",6,"K18 (14)","Bayesian",9,"Bayesian: chain 9",18,"MF"
"273","K18
(14)","GO:0046983","protein dimerization activity",0.428571428571429,"16/546",5.90723712036215e-07,6.49796083239837e-06,4.35270103605632e-06,"852284/851811/852295/851810/852283/852294",6,"K18 (14)","Bayesian",9,"Bayesian: chain 9",18,"MF"
"274","K18
(14)","GO:0003677","DNA binding",0.714285714285714,"92/546",6.63702358483152e-06,4.86715062887644e-05,3.26029228728566e-05,"855701/855976/852284/851811/852295/851810/855700/852283/852294/852062",10,"K18 (14)","Bayesian",9,"Bayesian: chain 9",18,"MF"
"275","K18
(14)","GO:0003676","nucleic acid binding",0.714285714285714,"119/546",7.87516474469583e-05,0.000433134060958271,0.000290137648488794,"855701/855976/852284/851811/852295/851810/855700/852283/852294/852062",10,"K18 (14)","Bayesian",9,"Bayesian: chain 9",18,"MF"
"276","K18
(14)","GO:0005515","protein binding",0.571428571428571,"103/546",0.00138076511152878,0.00607536649072663,0.00406962348661114,"852284/851811/852295/851810/852283/855597/855743/852294",8,"K18 (14)","Bayesian",9,"Bayesian: chain 9",18,"MF"
"277","K23
(13)","GO:0008289","lipid binding",0.307692307692308,"14/546",0.000170855589881426,0.00461310092679851,0.00395665576567514,"851926/854903/852382/855221",4,"K23 (13)","Bayesian",9,"Bayesian: chain 9",23,"MF"
"278","K30
(20)","GO:0003723","RNA binding",0.4,"30/546",2.53364417832366e-06,0.000111480343846241,0.000109346748748705,"854221/853996/853784/853956/856553/850982/854021/856228",8,"K30 (20)","Bayesian",9,"Bayesian: chain 9",30,"MF"
"279","K30
(20)","GO:0140098","catalytic activity, acting on RNA",0.25,"14/546",6.32995365913041e-05,0.00139258980500869,0.00136593736854919,"854221/853996/853784/855571/851656",5,"K30 (20)","Bayesian",9,"Bayesian: chain 9",30,"MF"
"280","K32
(19)","GO:0019899","enzyme binding",0.315789473684211,"22/546",4.03892428666856e-05,0.00218101911480102,0.00208323463207115,"852960/852961/855418/853361/853406/854183",6,"K32 (19)","Bayesian",9,"Bayesian: chain 9",32,"MF"
"281","K33
(13)","GO:0003688","DNA replication origin binding",0.461538461538462,"13/546",7.60453352267344e-08,4.33458410792386e-06,1.12066809807819e-06,"852501/852673/852258/856680/850980/853244",6,"K33 (13)","Bayesian",9,"Bayesian: chain 9",33,"MF"
"282","K33
(13)","GO:0003678","DNA helicase activity",0.384615384615385,"10/546",7.6768249803357e-07,2.07890735197833e-05,5.37482971887287e-06,"852501/852673/852258/856680/850980",5,"K33 (13)","Bayesian",9,"Bayesian: chain 9",33,"MF"
"283","K33
(13)","GO:0017111","nucleoside-triphosphatase activity",0.615384615384615,"48/546",1.85340130973083e-06,2.07890735197833e-05,5.37482971887287e-06,"852501/852673/853671/852258/856394/856680/850980/853244",8,"K33 (13)","Bayesian",9,"Bayesian: chain 9",33,"MF"
"284","K33
(13)","GO:0016462","pyrophosphatase activity",0.615384615384615,"49/546",2.1955242442278e-06,2.07890735197833e-05,5.37482971887287e-06,"852501/852673/853671/852258/856394/856680/850980/853244",8,"K33 (13)","Bayesian",9,"Bayesian: chain 9",33,"MF"
"285","K33
(13)","GO:0016817","hydrolase activity, acting on acid anhydrides",0.615384615384615,"49/546",2.1955242442278e-06,2.07890735197833e-05,5.37482971887287e-06,"852501/852673/853671/852258/856394/856680/850980/853244",8,"K33 (13)","Bayesian",9,"Bayesian: chain 9",33,"MF"
"286","K33
(13)","GO:0140097","catalytic activity, acting on DNA",0.384615384615385,"30/546",0.000337265551148353,0.000686576300552005,0.000177508184814923,"852501/852673/852258/856680/850980",5,"K33 (13)","Bayesian",9,"Bayesian: chain 9",33,"MF"
"287","K33
(13)","GO:0003697","single-stranded DNA binding",0.230769230769231,"14/546",0.00330988642822438,0.00628878421362633,0.00162590912263654,"852501/852258/850980",3,"K33 (13)","Bayesian",9,"Bayesian: chain 9",33,"MF"
"288","K33
(13)","GO:0003677","DNA binding",0.461538461538462,"92/546",0.0123131414174473,0.021268153357409,0.00549869154208174,"852501/852673/852258/856680/850980/853244",6,"K33 (13)","Bayesian",9,"Bayesian: chain 9",33,"MF"
"289","K6
(6)","GO:0005198","structural molecule activity",0.5,"31/546",0.00296073711820627,0.0414503196548878,0.0405153500386121,"850891/853693/856893",3,"K6 (6)","Bayesian",10,"Bayesian: chain 10",6,"MF"
"290","K12
(23)","GO:0140097","catalytic activity, acting on DNA",0.304347826086957,"30/546",9.78547996880192e-05,0.00694769077784937,0.00638631324279704,"853821/852245/856305/851391/850793/855621/853747",7,"K12 (23)","Bayesian",10,"Bayesian: chain 10",12,"MF"
"291","K12
(23)","GO:0016779","nucleotidyltransferase activity",0.173913043478261,"10/546",0.000428007854414467,0.0151942788317136,0.0139665720914195,"853821/852245/856305/855621",4,"K12 (23)","Bayesian",10,"Bayesian: chain 10",12,"MF"
"292","K12
(23)","GO:0003697","single-stranded DNA binding",0.173913043478261,"14/546",0.00182030970608116,0.0349122703917899,0.0320913382400441,"853821/856305/851266/850793",4,"K12 (23)","Bayesian",10,"Bayesian: chain 10",12,"MF"
"293","K12
(23)","GO:0003677","DNA binding",0.434782608695652,"92/546",0.0019668884727769,0.0349122703917899,0.0320913382400441,"853821/852245/856305/851391/851671/851266/850793/855621/855950/854063",10,"K12 (23)","Bayesian",10,"Bayesian: chain 10",12,"MF"
"294","K12
(23)","GO:0016772","transferase activity, transferring phosphorus-containing groups",0.260869565217391,"38/546",0.0031995838379111,0.0454340904983376,0.041762989042208,"853821/852245/856305/855621/855950/852119",6,"K12 (23)","Bayesian",10,"Bayesian: chain 10",12,"MF"
"295","K18
(16)","GO:0046982","protein heterodimerization activity",0.375,"12/546",1.87722333466818e-07,8.25978267253997e-06,7.11368842611098e-06,"852284/851811/852295/851810/852283/852294",6,"K18 (16)","Bayesian",10,"Bayesian: chain 10",18,"MF"
"296","K18
(16)","GO:0046983","protein dimerization activity",0.375,"16/546",1.52511299468856e-06,3.35524858831483e-05,2.8896877794099e-05,"852284/851811/852295/851810/852283/852294",6,"K18 (16)","Bayesian",10,"Bayesian: chain 10",18,"MF"
"297","K18
(16)","GO:0003677","DNA binding",0.625,"92/546",3.93388139532181e-05,0.000576969271313865,0.000496911334145913,"855701/855976/852284/851811/852295/851810/855700/852283/852294/852062",10,"K18 (16)","Bayesian",10,"Bayesian: chain 10",18,"MF"
"298","K18
(16)","GO:0005515","protein binding",0.625,"103/546",0.000112914029686518,0.00124205432655169,0.00106971186018806,"851691/852284/851811/852295/851810/852283/856648/855597/855743/852294",10,"K18 (16)","Bayesian",10,"Bayesian: chain 10",18,"MF"
"299","K18
(16)","GO:0003676","nucleic acid binding",0.625,"119/546",0.000418901919225729,0.00368633688918641,0.00317483559834237,"855701/855976/852284/851811/852295/851810/855700/852283/852294/852062",10,"K18 (16)","Bayesian",10,"Bayesian: chain 10",18,"MF"
"300","K23
(17)","GO:0008289","lipid binding",0.235294117647059,"14/546",0.000535577355778512,0.0257077130773686,0.0257077130773686,"851926/854903/852382/855221",4,"K23 (17)","Bayesian",10,"Bayesian: chain 10",23,"MF"
"301","K28
(19)","GO:0003723","RNA binding",0.421052631578947,"30/546",1.57830492786783e-06,6.94454168261845e-05,6.6454944331277e-05,"854221/853996/853784/853956/856553/850982/854021/856228",8,"K28 (19)","Bayesian",10,"Bayesian: chain 10",28,"MF"
"302","K28
(19)","GO:0140098","catalytic activity, acting on RNA",0.263157894736842,"14/546",4.81532821427631e-05,0.00105937220714079,0.0010137533082687,"854221/853996/853784/855571/851656",5,"K28 (19)","Bayesian",10,"Bayesian: chain 10",28,"MF"
"303","K28
(19)","GO:0003676","nucleic acid binding",0.526315789473684,"119/546",0.002622872821021,0.0384688013749746,0.0368122501195929,"854221/853996/852569/853784/855571/853956/856553/850982/854021/856228",10,"K28 (19)","Bayesian",10,"Bayesian: chain 10",28,"MF"
"304","K30
(19)","GO:0019899","enzyme binding",0.315789473684211,"22/546",4.03892428666856e-05,0.00218101911480102,0.00208323463207115,"852960/852961/855418/853361/853406/854183",6,"K30 (19)","Bayesian",10,"Bayesian: chain 10",30,"MF"
"305","K31
(13)","GO:0003688","DNA replication origin binding",0.461538461538462,"13/546",7.60453352267344e-08,4.33458410792386e-06,1.12066809807819e-06,"852501/852673/852258/856680/850980/853244",6,"K31 (13)","Bayesian",10,"Bayesian: chain 10",31,"MF"
"306","K31
(13)","GO:0003678","DNA helicase activity",0.384615384615385,"10/546",7.6768249803357e-07,2.07890735197833e-05,5.37482971887287e-06,"852501/852673/852258/856680/850980",5,"K31 (13)","Bayesian",10,"Bayesian: chain 10",31,"MF"
"307","K31
(13)","GO:0017111","nucleoside-triphosphatase activity",0.615384615384615,"48/546",1.85340130973083e-06,2.07890735197833e-05,5.37482971887287e-06,"852501/852673/853671/852258/856394/856680/850980/853244",8,"K31 (13)","Bayesian",10,"Bayesian: chain 10",31,"MF"
"308","K31
(13)","GO:0016462","pyrophosphatase activity",0.615384615384615,"49/546",2.1955242442278e-06,2.07890735197833e-05,5.37482971887287e-06,"852501/852673/853671/852258/856394/856680/850980/853244",8,"K31 (13)","Bayesian",10,"Bayesian: chain 10",31,"MF"
"309","K31
(13)","GO:0016817","hydrolase activity, acting on acid anhydrides",0.615384615384615,"49/546",2.1955242442278e-06,2.07890735197833e-05,5.37482971887287e-06,"852501/852673/853671/852258/856394/856680/850980/853244",8,"K31 (13)","Bayesian",10,"Bayesian: chain 10",31,"MF"
"310","K31
(13)","GO:0140097","catalytic activity, acting on DNA",0.384615384615385,"30/546",0.000337265551148353,0.000686576300552005,0.000177508184814923,"852501/852673/852258/856680/850980",5,"K31 (13)","Bayesian",10,"Bayesian: chain 10",31,"MF"
"311","K31
(13)","GO:0003697","single-stranded DNA binding",0.230769230769231,"14/546",0.00330988642822438,0.00628878421362633,0.00162590912263654,"852501/852258/850980",3,"K31 (13)","Bayesian",10,"Bayesian: chain 10",31,"MF"
"312","K31
(13)","GO:0003677","DNA binding",0.461538461538462,"92/546",0.0123131414174473,0.021268153357409,0.00549869154208174,"852501/852673/852258/856680/850980/853244",6,"K31 (13)","Bayesian",10,"Bayesian: chain 10",31,"MF"
